incident_id,fault_type,root_service,confirmed,method
LIVE-cd1f76ee,DB_TIMEOUT,settlement,true,witness+funnel-stall
LIVE-158ce68e,KAFKA_CONSUMER_LAG,routing-execution,true,witness+funnel-stall
LIVE-c714ec37,NETWORK_LATENCY,validation-enrichment,true,witness+funnel-stall
LIVE-75f80ed7,CPU_SATURATION,aml-compliance,true,witness+funnel-stall
LIVE-fb98b217,IDEMPOTENCY_COLLISION_STORM,gateway,false,contaminated-methodology+no-ES-evidence-found
LIVE-374da004,IDEMPOTENCY_COLLISION_STORM,gateway,false,clean-blind-no-evidence-found
LIVE-549afd1b,AML_HOLD,aml-compliance,true,direct-self-reported-log
LIVE-d29470d5,SETTLEMENT_DB_FAILURE_LIQUIDITY_CASCADE,settlement,true,witness+funnel-stall
LIVE-92d99e70,AML_SERVICE_DEGRADATION_RETRY_CASCADE,aml-compliance,true,witness+funnel-stall
LIVE-0fbc4973,SETTLEMENT_DB_FAILURE_KAFKA_CONFOUND,settlement,true,witness+funnel-stall-no-confound-this-run
LIVE-8ed9457d,VALIDATION_SLOWDOWN_GATEWAY_CONFOUND,validation-enrichment,true,witness+funnel-stall
LIVE-e5f57fc7,DB_TIMEOUT,settlement,true,witness+funnel-stall
LIVE-fc3f6e2a,KAFKA_CONSUMER_LAG,routing-execution,true,witness+funnel-stall
LIVE-50580610,NETWORK_LATENCY,validation-enrichment,true,witness+funnel-stall
LIVE-084a3a65,CPU_SATURATION,aml-compliance,true,witness+funnel-stall
LIVE-fd202168,IDEMPOTENCY_COLLISION_STORM,gateway,false,third-confirmation-ES+rawlog+kafka-all-empty
LIVE-4e899937,AML_HOLD,aml-compliance,true,direct-self-reported-log
LIVE-c9126bf2,SETTLEMENT_DB_FAILURE_LIQUIDITY_CASCADE,settlement,true,witness+funnel-stall-no-confound-this-run
LIVE-86e563f1,AML_SERVICE_DEGRADATION_RETRY_CASCADE,aml-compliance,true,witness+funnel-stall-no-confound-this-run
LIVE-9608ddd3,SETTLEMENT_DB_FAILURE_KAFKA_CONFOUND,settlement,true,witness+funnel-stall-no-confound-this-run
LIVE-6e7fe0ef,VALIDATION_SLOWDOWN_GATEWAY_CONFOUND,validation-enrichment,true,witness+funnel-stall
LIVE-f8458870,DB_TIMEOUT,settlement,true,witness+funnel-stall
LIVE-98435f36,KAFKA_CONSUMER_LAG,routing-execution,true,witness+funnel-stall
LIVE-2e6706a0,NETWORK_LATENCY,validation-enrichment,true,witness+funnel-stall
LIVE-4d00a0c8,CPU_SATURATION,aml-compliance,true,witness+funnel-stall
LIVE-2a87e1a2,IDEMPOTENCY_COLLISION_STORM,gateway,false,fourth-confirmation-evidence-free
LIVE-2b3c53da,AML_HOLD,aml-compliance,true,direct-self-reported-log
LIVE-0c057497,SETTLEMENT_DB_FAILURE_LIQUIDITY_CASCADE,settlement,true,witness+funnel-stall-no-confound-this-run
LIVE-a41428fd,AML_SERVICE_DEGRADATION_RETRY_CASCADE,aml-compliance,true,witness+funnel-stall-no-confound-this-run
LIVE-d45c0b73,SETTLEMENT_DB_FAILURE_KAFKA_CONFOUND,settlement,true,witness+funnel-stall-no-confound-this-run
LIVE-724753fd,VALIDATION_SLOWDOWN_GATEWAY_CONFOUND,validation-enrichment,true,witness+funnel-stall-no-confound-this-run
LIVE-a1018952,DB_TIMEOUT,settlement,true,witness+funnel-stall
LIVE-1dd87cec,KAFKA_CONSUMER_LAG,routing-execution,true,witness+funnel-stall
LIVE-b39b1e5f,NETWORK_LATENCY,validation-enrichment,true,witness+funnel-stall
LIVE-8b01e57d,CPU_SATURATION,aml-compliance,true,witness+funnel-stall
LIVE-b12684e5,SETTLEMENT_DB_FAILURE_KAFKA_CONFOUND,settlement,true,witness+funnel-stall-no-confound-this-run
LIVE-7e974bac,VALIDATION_SLOWDOWN_GATEWAY_CONFOUND,validation-enrichment,true,witness+funnel-stall-no-confound-this-run
LIVE-3cf078b4,VALIDATION_SLOWDOWN_GATEWAY_CONFOUND,validation-enrichment,true,witness+real-decoy-present-still-resolvable
LIVE-fc3e530b,VALIDATION_SLOWDOWN_GATEWAY_CONFOUND,validation-enrichment,true,witness+4x-decoy-still-resolvable-via-health-check-signal
LIVE-32fb18f2,AML_SERVICE_DEGRADATION_RETRY_CASCADE,aml-compliance,true,witness+funnel-stall
LIVE-0d5964c1,REDIS_OUTAGE,redis,false,no-evidence-found-at-20s-duration-system-resilient
LIVE-56d4a244,REDIS_OUTAGE,redis,false,no-evidence-replicated-at-60s-duration-real-resilience-finding
LIVE-c15c694b,MONGODB_OUTAGE,mongodb,true,witness-two-services-same-connection-failure-signature
LIVE-0c342599,CASSANDRA_OUTAGE,cassandra,true,witness-single-service-direct-port-9042-evidence
LIVE-5bb250bb,MONGODB_OUTAGE,mongodb,true,witness-two-services-same-signature-replicated
LIVE-125bb06d,AML_HOLD,aml-compliance,true,direct-self-reported-log-recovered-after-fixing-300-event-cap-bug
LIVE-0e259052,CASSANDRA_OUTAGE,cassandra,true,witness-single-service-replicated
LIVE-06e81ed2,SETTLEMENT_DB_FAILURE_LIQUIDITY_CASCADE,settlement,true,witness+funnel-stall
LIVE-166ba8bb,REDIS_OUTAGE,redis,false,no-evidence-third-consecutive-replication
LIVE-8adba291,MONGODB_OUTAGE,mongodb,true,witness-two-services-third-replication
LIVE-ee039e30,CASSANDRA_OUTAGE,cassandra,true,witness-single-service-third-replication
LIVE-471a5319,AML_HOLD,aml-compliance,true,direct-self-reported-log-clean-with-fixed-cap
LIVE-b6970a15,CASSANDRA_OUTAGE,cassandra,true,witness-single-service-fourth-replication
LIVE-2d244bc5,MONGODB_OUTAGE,mongodb,true,witness-two-services-fourth-replication
LIVE-df78118d,REDIS_OUTAGE,redis,false,no-evidence-fourth-consecutive-replication
LIVE-e0bb5818,AML_SERVICE_DEGRADATION_RETRY_CASCADE,aml-compliance,true,witness+funnel-stall
LIVE-930f1eb1,CASSANDRA_OUTAGE,cassandra,true,witness-single-service-fifth-replication
LIVE-91a7a4e1,CPU_SATURATION,aml-compliance,true,witness+funnel-stall
LIVE-1a15e740,DB_TIMEOUT,settlement,true,witness+funnel-stall
LIVE-ae2180ff,IDEMPOTENCY_COLLISION_STORM,gateway,false,no-evidence-fifth-consecutive-replication
LIVE-945a2566,KAFKA_CONSUMER_LAG,routing-execution,true,witness+funnel-stall
LIVE-20c7d62a,NETWORK_LATENCY,validation-enrichment,true,witness+funnel-stall
LIVE-1da629c1,MONGODB_OUTAGE,mongodb,true,witness-two-services-same-signature-plus-driver-error-fifth-replication
LIVE-29955d91,REDIS_OUTAGE,redis,false,no-evidence-fifth-consecutive-replication
LIVE-1a1dcc24,SETTLEMENT_DB_FAILURE_LIQUIDITY_CASCADE,settlement,true,witness+funnel-stall-fifth-replication-no-confound
LIVE-6ca737bb,SETTLEMENT_DB_FAILURE_KAFKA_CONFOUND,settlement,true,witness+funnel-stall-fifth-replication-no-confound
LIVE-ff0092f0,DB_TIMEOUT,settlement,true,witness+funnel-stall-sixth-replication
LIVE-7f2b759d,KAFKA_CONSUMER_LAG,routing-execution,true,witness+funnel-stall-sixth-replication
LIVE-8ca37f16,NETWORK_LATENCY,validation-enrichment,true,witness+funnel-stall-sixth-replication
LIVE-0d446d08,CPU_SATURATION,aml-compliance,true,witness+funnel-stall-sixth-replication
LIVE-ab26f7eb,AML_HOLD,aml-compliance,true,direct-self-reported-log-sixth-replication
LIVE-1fbabeee,DB_TIMEOUT,settlement,true,witness+funnel-stall-batch2
LIVE-60ee5f91,DB_TIMEOUT,settlement,true,witness+funnel-stall-batch2
LIVE-8075a169,DB_TIMEOUT,settlement,true,witness+funnel-stall-batch2
LIVE-d199ebd4,KAFKA_CONSUMER_LAG,routing-execution,true,witness+funnel-stall-batch2
LIVE-efe06f0f,KAFKA_CONSUMER_LAG,routing-execution,true,witness+funnel-stall-batch2
LIVE-ba07b860,KAFKA_CONSUMER_LAG,routing-execution,true,witness+funnel-stall-batch2
LIVE-b9d8577f,NETWORK_LATENCY,validation-enrichment,true,witness+funnel-stall-batch2
LIVE-370ae683,NETWORK_LATENCY,validation-enrichment,true,witness+funnel-stall-batch2
LIVE-f7d7f71e,NETWORK_LATENCY,validation-enrichment,true,witness+funnel-stall-batch2
LIVE-766895cc,CPU_SATURATION,aml-compliance,true,witness+funnel-stall-batch2
LIVE-d1fe3d33,CPU_SATURATION,aml-compliance,true,witness+funnel-stall-batch2
LIVE-77f817e7,CPU_SATURATION,aml-compliance,true,witness+funnel-stall-batch2
LIVE-a9c2b578,IDEMPOTENCY_COLLISION_STORM,gateway,false,no-evidence-batch2
LIVE-b6eb11fe,IDEMPOTENCY_COLLISION_STORM,gateway,false,no-evidence-batch2
LIVE-9a3569ca,IDEMPOTENCY_COLLISION_STORM,gateway,false,no-evidence-batch2
LIVE-b2884100,AML_HOLD,aml-compliance,true,direct-self-reported-log-batch2
LIVE-927b0a16,AML_HOLD,aml-compliance,true,direct-self-reported-log-batch2
LIVE-2012e904,AML_HOLD,aml-compliance,true,direct-self-reported-log-batch2
LIVE-2eb2af18,SETTLEMENT_DB_FAILURE_LIQUIDITY_CASCADE,settlement,true,witness+funnel-stall-batch2
LIVE-be0b03a9,SETTLEMENT_DB_FAILURE_LIQUIDITY_CASCADE,settlement,true,witness+funnel-stall-batch2
LIVE-66d379ba,SETTLEMENT_DB_FAILURE_LIQUIDITY_CASCADE,settlement,true,witness+funnel-stall-batch2
LIVE-b778d8ee,AML_SERVICE_DEGRADATION_RETRY_CASCADE,aml-compliance,true,witness+funnel-stall-batch2
LIVE-e10775ab,AML_SERVICE_DEGRADATION_RETRY_CASCADE,aml-compliance,true,witness+funnel-stall-batch2
LIVE-3c874983,AML_SERVICE_DEGRADATION_RETRY_CASCADE,aml-compliance,true,witness+funnel-stall-batch2
LIVE-c005200b,SETTLEMENT_DB_FAILURE_KAFKA_CONFOUND,settlement,true,witness+funnel-stall-batch2
LIVE-6a99cfb7,SETTLEMENT_DB_FAILURE_KAFKA_CONFOUND,settlement,true,witness+funnel-stall-batch2
LIVE-f95f4181,SETTLEMENT_DB_FAILURE_KAFKA_CONFOUND,settlement,true,witness+funnel-stall-batch2
LIVE-790ab890,VALIDATION_SLOWDOWN_GATEWAY_CONFOUND,validation-enrichment,true,witness+funnel-stall-batch2
LIVE-fcd9967d,VALIDATION_SLOWDOWN_GATEWAY_CONFOUND,validation-enrichment,true,witness+funnel-stall-batch2
LIVE-6dcf8d74,VALIDATION_SLOWDOWN_GATEWAY_CONFOUND,validation-enrichment,true,witness+funnel-stall-batch2
LIVE-f043b295,REDIS_OUTAGE,redis,true,direct-self-reported-log-batch2
LIVE-21d073a7,REDIS_OUTAGE,redis,true,direct-self-reported-log-batch2
LIVE-e667695f,REDIS_OUTAGE,redis,true,direct-self-reported-log-batch2
LIVE-945564dc,MONGODB_OUTAGE,mongodb,true,direct-self-reported-log-batch2
LIVE-c1d6156d,MONGODB_OUTAGE,mongodb,true,direct-self-reported-log-batch2
LIVE-4924768a,MONGODB_OUTAGE,mongodb,true,direct-self-reported-log-batch2
LIVE-d91b892a,CASSANDRA_OUTAGE,cassandra,true,direct-self-reported-log-batch2
LIVE-1cd23958,CASSANDRA_OUTAGE,cassandra,true,direct-self-reported-log-batch2
LIVE-c15311dc,CASSANDRA_OUTAGE,cassandra,true,direct-self-reported-log-batch2
